file,species
a55d26a4c.png,Small-flowered Cranesbill
974959ec1.png,Small-flowered Cranesbill
754b1adf8.png,Small-flowered Cranesbill
a7bd7cadb.png,Small-flowered Cranesbill
74d810f87.png,Small-flowered Cranesbill
b98327bf4.png,Small-flowered Cranesbill
165681fd9.png,Small-flowered Cranesbill
5315c2dca.png,Small-flowered Cranesbill
6908fb540.png,Small-flowered Cranesbill
5ca0205f9.png,Small-flowered Cranesbill
115f93ecc.png,Small-flowered Cranesbill
406ecb5c5.png,Small-flowered Cranesbill
827279bad.png,Small-flowered Cranesbill
675ec1b0b.png,Small-flowered Cranesbill
60fea2ef6.png,Small-flowered Cranesbill
851c90831.png,Small-flowered Cranesbill
a169b71e7.png,Small-flowered Cranesbill
36d62bf36.png,Small-flowered Cranesbill
5b3000b9a.png,Small-flowered Cranesbill
241e6935a.png,Small-flowered Cranesbill
1bf9b94a6.png,Small-flowered Cranesbill
0d31e6602.png,Small-flowered Cranesbill
6a47821f9.png,Small-flowered Cranesbill
e1abb4ff9.png,Small-flowered Cranesbill
cf46d09c5.png,Small-flowered Cranesbill
808578ed5.png,Small-flowered Cranesbill
55251925f.png,Small-flowered Cranesbill
59358cd44.png,Small-flowered Cranesbill
7b21ba6ba.png,Small-flowered Cranesbill
172f9b10b.png,Small-flowered Cranesbill
dc4cd56a3.png,Small-flowered Cranesbill
5883b423d.png,Small-flowered Cranesbill
668c1007c.png,Small-flowered Cranesbill
b03397525.png,Small-flowered Cranesbill
780bd2a2c.png,Small-flowered Cranesbill
37c3108d6.png,Small-flowered Cranesbill
16467a950.png,Small-flowered Cranesbill
b7a7f6390.png,Small-flowered Cranesbill
a006a475c.png,Small-flowered Cranesbill
25a4c427e.png,Small-flowered Cranesbill
060450d79.png,Small-flowered Cranesbill
4bbf1f6ea.png,Small-flowered Cranesbill
4bbfd1e05.png,Small-flowered Cranesbill
728eabae1.png,Small-flowered Cranesbill
71b232519.png,Small-flowered Cranesbill
3d65168c2.png,Small-flowered Cranesbill
604dd663f.png,Small-flowered Cranesbill
2f0004a7f.png,Small-flowered Cranesbill
9aa5587fe.png,Small-flowered Cranesbill
e1809cef2.png,Small-flowered Cranesbill
c63da993b.png,Small-flowered Cranesbill
2d9c798f9.png,Small-flowered Cranesbill
37e545a60.png,Small-flowered Cranesbill
efe19dc32.png,Small-flowered Cranesbill
24dbc3b21.png,Small-flowered Cranesbill
8ece6efec.png,Small-flowered Cranesbill
ec08a5d56.png,Small-flowered Cranesbill
41f1c3cdb.png,Small-flowered Cranesbill
6b721f68e.png,Small-flowered Cranesbill
4e18ab737.png,Small-flowered Cranesbill
686dc7ec8.png,Small-flowered Cranesbill
87f627bf9.png,Small-flowered Cranesbill
4f83143e1.png,Small-flowered Cranesbill
a9d2eab61.png,Small-flowered Cranesbill
3281183f9.png,Small-flowered Cranesbill
e3f50adfc.png,Small-flowered Cranesbill
59e1cea8d.png,Small-flowered Cranesbill
5b3beec58.png,Small-flowered Cranesbill
8e29abce1.png,Small-flowered Cranesbill
0d117d910.png,Small-flowered Cranesbill
fe29629fb.png,Small-flowered Cranesbill
4049a6ea6.png,Small-flowered Cranesbill
fd925f542.png,Small-flowered Cranesbill
eec1079a1.png,Small-flowered Cranesbill
5e6a237f2.png,Small-flowered Cranesbill
cd6adba97.png,Small-flowered Cranesbill
d0cdc768f.png,Small-flowered Cranesbill
659412b1a.png,Small-flowered Cranesbill
1b6a6494d.png,Small-flowered Cranesbill
d2fd9df40.png,Small-flowered Cranesbill
7d4cd07ad.png,Small-flowered Cranesbill
8d6acbe9b.png,Small-flowered Cranesbill
dabea05f4.png,Small-flowered Cranesbill
b4f7c9214.png,Small-flowered Cranesbill
f445fe6fb.png,Small-flowered Cranesbill
506347cfe.png,Small-flowered Cranesbill
1191ba346.png,Small-flowered Cranesbill
bea23d9f8.png,Small-flowered Cranesbill
8ab8a958b.png,Small-flowered Cranesbill
00c47e980.png,Small-flowered Cranesbill
32c86784b.png,Small-flowered Cranesbill
0c5f6c493.png,Small-flowered Cranesbill
05341a8a6.png,Small-flowered Cranesbill
f4234cf4f.png,Small-flowered Cranesbill
4e69d100a.png,Small-flowered Cranesbill
73260a4ee.png,Small-flowered Cranesbill
2126dc71b.png,Small-flowered Cranesbill
6b9d6f8c9.png,Small-flowered Cranesbill
c0d9e170b.png,Small-flowered Cranesbill
20f983a71.png,Small-flowered Cranesbill
35cf9fa01.png,Small-flowered Cranesbill
5af1d74ee.png,Small-flowered Cranesbill
19e58cc5e.png,Small-flowered Cranesbill
7cabd68cc.png,Small-flowered Cranesbill
ace8761dd.png,Small-flowered Cranesbill
0ad9e7dfb.png,Small-flowered Cranesbill
8a30b2de3.png,Small-flowered Cranesbill
91e469b4a.png,Small-flowered Cranesbill
b687160f5.png,Small-flowered Cranesbill
ede6b84b4.png,Small-flowered Cranesbill
c85ef220d.png,Small-flowered Cranesbill
0dba99002.png,Small-flowered Cranesbill
c5e88cd42.png,Small-flowered Cranesbill
1fefb54b7.png,Small-flowered Cranesbill
96ecad7a1.png,Small-flowered Cranesbill
fea1d13d6.png,Small-flowered Cranesbill
b39c71707.png,Small-flowered Cranesbill
9326bda1b.png,Small-flowered Cranesbill
966ae5ad9.png,Small-flowered Cranesbill
9d79a1f0c.png,Small-flowered Cranesbill
976e4e079.png,Small-flowered Cranesbill
3dd52bd2a.png,Small-flowered Cranesbill
1694a70e4.png,Small-flowered Cranesbill
fb022edf9.png,Small-flowered Cranesbill
bb20fce02.png,Small-flowered Cranesbill
4c7838de4.png,Small-flowered Cranesbill
958bb9e96.png,Small-flowered Cranesbill
3827436f3.png,Small-flowered Cranesbill
c64370a72.png,Small-flowered Cranesbill
ad12382d4.png,Small-flowered Cranesbill
17a78fb44.png,Small-flowered Cranesbill
e721c6ac8.png,Small-flowered Cranesbill
52dc7a4d6.png,Small-flowered Cranesbill
897e5a8de.png,Small-flowered Cranesbill
1376f3b63.png,Small-flowered Cranesbill
13b9fa92d.png,Small-flowered Cranesbill
99569b224.png,Small-flowered Cranesbill
6da892be6.png,Small-flowered Cranesbill
446f7da01.png,Small-flowered Cranesbill
a2b703e21.png,Small-flowered Cranesbill
1d0cbd819.png,Small-flowered Cranesbill
8d6991365.png,Small-flowered Cranesbill
b9062c1c8.png,Small-flowered Cranesbill
a1da8be3c.png,Small-flowered Cranesbill
e52493d0b.png,Small-flowered Cranesbill
86f08e6d1.png,Small-flowered Cranesbill
e15fce4f2.png,Small-flowered Cranesbill
8bc0261c9.png,Small-flowered Cranesbill
5bdcfa329.png,Small-flowered Cranesbill
71e73a8a0.png,Small-flowered Cranesbill
1be0713da.png,Small-flowered Cranesbill
8170d33c1.png,Small-flowered Cranesbill
f3fcfff1b.png,Small-flowered Cranesbill
3ebbe9ca4.png,Small-flowered Cranesbill
d515398fd.png,Small-flowered Cranesbill
f1f7c833f.png,Small-flowered Cranesbill
223e4af09.png,Small-flowered Cranesbill
a890ac088.png,Small-flowered Cranesbill
d41d87796.png,Small-flowered Cranesbill
93079d970.png,Small-flowered Cranesbill
16fd2e01a.png,Small-flowered Cranesbill
3fbd0fc6a.png,Small-flowered Cranesbill
a254d71f6.png,Small-flowered Cranesbill
cb496f36e.png,Small-flowered Cranesbill
61b044411.png,Small-flowered Cranesbill
5bd71f445.png,Small-flowered Cranesbill
0c45ace27.png,Small-flowered Cranesbill
fba8fc78a.png,Small-flowered Cranesbill
c74c5b7fc.png,Small-flowered Cranesbill
d7017f701.png,Small-flowered Cranesbill
8cf2e3e6c.png,Small-flowered Cranesbill
48d97c645.png,Small-flowered Cranesbill
c5078bac5.png,Small-flowered Cranesbill
7691014a1.png,Small-flowered Cranesbill
43ede9de9.png,Small-flowered Cranesbill
74068643d.png,Small-flowered Cranesbill
d350a25fa.png,Small-flowered Cranesbill
6a41bf95b.png,Small-flowered Cranesbill
0c27cf05f.png,Small-flowered Cranesbill
dd9f36df7.png,Small-flowered Cranesbill
4e9d3765f.png,Small-flowered Cranesbill
b29339405.png,Small-flowered Cranesbill
ef3e232ad.png,Small-flowered Cranesbill
8f523520c.png,Small-flowered Cranesbill
98062cd87.png,Small-flowered Cranesbill
33448fe39.png,Small-flowered Cranesbill
8e6ec1ca6.png,Small-flowered Cranesbill
37714071b.png,Small-flowered Cranesbill
ef9676433.png,Small-flowered Cranesbill
fda0b5c38.png,Small-flowered Cranesbill
653193c1a.png,Small-flowered Cranesbill
502dff972.png,Small-flowered Cranesbill
4c8005bbc.png,Small-flowered Cranesbill
3185294c8.png,Small-flowered Cranesbill
d9c50616e.png,Small-flowered Cranesbill
79dafec17.png,Small-flowered Cranesbill
e5064f6be.png,Small-flowered Cranesbill
a74d475c2.png,Small-flowered Cranesbill
93d76fd5d.png,Small-flowered Cranesbill
61dd2cdc5.png,Small-flowered Cranesbill
f4021df6c.png,Small-flowered Cranesbill
25cf6eb73.png,Small-flowered Cranesbill
86676d627.png,Small-flowered Cranesbill
377283a21.png,Small-flowered Cranesbill
24d36c52c.png,Small-flowered Cranesbill
d3331e071.png,Small-flowered Cranesbill
219fd68d5.png,Small-flowered Cranesbill
bebcaab66.png,Small-flowered Cranesbill
ffc6f8527.png,Small-flowered Cranesbill
59c6a9f95.png,Small-flowered Cranesbill
adb7a032c.png,Small-flowered Cranesbill
279df95f2.png,Small-flowered Cranesbill
558aa7deb.png,Small-flowered Cranesbill
b3d6fdb80.png,Small-flowered Cranesbill
56112b92c.png,Small-flowered Cranesbill
a3d0031fd.png,Small-flowered Cranesbill
9baf94467.png,Small-flowered Cranesbill
a8b431a3e.png,Small-flowered Cranesbill
c8f50f0c3.png,Small-flowered Cranesbill
4392d93cf.png,Small-flowered Cranesbill
d563be369.png,Small-flowered Cranesbill
da713c465.png,Small-flowered Cranesbill
96f14d90c.png,Small-flowered Cranesbill
9df3275da.png,Small-flowered Cranesbill
0bf7bfb05.png,Small-flowered Cranesbill
8e3ed0a25.png,Small-flowered Cranesbill
1b490196c.png,Small-flowered Cranesbill
f48916a8c.png,Small-flowered Cranesbill
0c51bf229.png,Small-flowered Cranesbill
8916793ce.png,Small-flowered Cranesbill
03e322a29.png,Small-flowered Cranesbill
3d38a87bc.png,Small-flowered Cranesbill
1926e82fd.png,Small-flowered Cranesbill
3f64c2c1b.png,Small-flowered Cranesbill
e84464f5a.png,Small-flowered Cranesbill
043449b0b.png,Small-flowered Cranesbill
acdb75e00.png,Small-flowered Cranesbill
c1ecff98b.png,Small-flowered Cranesbill
9fab816f2.png,Small-flowered Cranesbill
060f1dc84.png,Small-flowered Cranesbill
fc6f686fb.png,Small-flowered Cranesbill
c0461776c.png,Small-flowered Cranesbill
2e86f1085.png,Small-flowered Cranesbill
cbe761896.png,Small-flowered Cranesbill
270b939cf.png,Small-flowered Cranesbill
cc3d2a59a.png,Small-flowered Cranesbill
55920f07f.png,Small-flowered Cranesbill
0ae6668fa.png,Small-flowered Cranesbill
2dd5cfba9.png,Small-flowered Cranesbill
664194d19.png,Small-flowered Cranesbill
afa446484.png,Small-flowered Cranesbill
0021e90e4.png,Small-flowered Cranesbill
44e8b8833.png,Small-flowered Cranesbill
54c8bb900.png,Small-flowered Cranesbill
f4e7733d4.png,Small-flowered Cranesbill
1dc7c45df.png,Small-flowered Cranesbill
d89db156f.png,Small-flowered Cranesbill
a85b48a95.png,Small-flowered Cranesbill
98d819587.png,Small-flowered Cranesbill
c6c8d4ba0.png,Small-flowered Cranesbill
539961189.png,Small-flowered Cranesbill
bffc08672.png,Small-flowered Cranesbill
dd5ec63d9.png,Small-flowered Cranesbill
3fbf1a417.png,Small-flowered Cranesbill
0a64e3e6c.png,Small-flowered Cranesbill
0086a6340.png,Small-flowered Cranesbill
a8c8a1db0.png,Small-flowered Cranesbill
c60e91e07.png,Small-flowered Cranesbill
9b4800b42.png,Small-flowered Cranesbill
0e8492cb1.png,Small-flowered Cranesbill
ce42adffb.png,Small-flowered Cranesbill
b215531dd.png,Small-flowered Cranesbill
20ea96bcc.png,Small-flowered Cranesbill
770a265f5.png,Small-flowered Cranesbill
74fd477eb.png,Small-flowered Cranesbill
a935ca110.png,Small-flowered Cranesbill
1e095a7e1.png,Small-flowered Cranesbill
da5255450.png,Small-flowered Cranesbill
d5f7dd60a.png,Small-flowered Cranesbill
33748968f.png,Small-flowered Cranesbill
beebe5f4e.png,Small-flowered Cranesbill
969a851be.png,Small-flowered Cranesbill
2693e5c65.png,Small-flowered Cranesbill
f4ad9d950.png,Small-flowered Cranesbill
550a8b7e6.png,Small-flowered Cranesbill
c88ebfb47.png,Small-flowered Cranesbill
88d8a4508.png,Small-flowered Cranesbill
391dcd7fd.png,Small-flowered Cranesbill
2f246d688.png,Small-flowered Cranesbill
af45e222a.png,Small-flowered Cranesbill
721b2c47a.png,Small-flowered Cranesbill
4ac29bbf0.png,Small-flowered Cranesbill
116b136de.png,Small-flowered Cranesbill
0caeda5df.png,Small-flowered Cranesbill
fc3e58836.png,Small-flowered Cranesbill
1d48b7564.png,Small-flowered Cranesbill
406162ef9.png,Small-flowered Cranesbill
4ea7493d5.png,Small-flowered Cranesbill
c26ccf73c.png,Small-flowered Cranesbill
8b9144917.png,Small-flowered Cranesbill
b145ba9d4.png,Small-flowered Cranesbill
65e262a6d.png,Small-flowered Cranesbill
c6b76307d.png,Small-flowered Cranesbill
9643fc5f4.png,Small-flowered Cranesbill
b62dca166.png,Small-flowered Cranesbill
9a3f20121.png,Small-flowered Cranesbill
6049234e6.png,Small-flowered Cranesbill
bd789d151.png,Small-flowered Cranesbill
7506c0c02.png,Small-flowered Cranesbill
4a337a4a9.png,Small-flowered Cranesbill
47b7d8e17.png,Small-flowered Cranesbill
456d507c0.png,Small-flowered Cranesbill
5ca2687a4.png,Small-flowered Cranesbill
0911d3dee.png,Small-flowered Cranesbill
8874bba69.png,Small-flowered Cranesbill
a5db42f7d.png,Small-flowered Cranesbill
f9f35cbd4.png,Small-flowered Cranesbill
490c4f9c8.png,Small-flowered Cranesbill
be341dbdc.png,Small-flowered Cranesbill
1312065a5.png,Small-flowered Cranesbill
0885e7690.png,Small-flowered Cranesbill
856f2910a.png,Small-flowered Cranesbill
78c5fba1d.png,Small-flowered Cranesbill
87608f7aa.png,Small-flowered Cranesbill
bb1d1bfd3.png,Small-flowered Cranesbill
33317fc2a.png,Small-flowered Cranesbill
9516e56c4.png,Small-flowered Cranesbill
3da774107.png,Small-flowered Cranesbill
a2d25b4f3.png,Small-flowered Cranesbill
f6d250856.png,Small-flowered Cranesbill
e82017baa.png,Small-flowered Cranesbill
0751c0bbc.png,Small-flowered Cranesbill
205df1df3.png,Small-flowered Cranesbill
9d3cb4745.png,Small-flowered Cranesbill
8311740de.png,Small-flowered Cranesbill
d14aa43f3.png,Small-flowered Cranesbill
b828443ff.png,Small-flowered Cranesbill
c06e7c748.png,Small-flowered Cranesbill
8a32d0bfa.png,Small-flowered Cranesbill
1459e96a0.png,Small-flowered Cranesbill
36839d5e9.png,Small-flowered Cranesbill
36ed4f215.png,Small-flowered Cranesbill
f0ffa00bd.png,Small-flowered Cranesbill
d6d31dcbe.png,Small-flowered Cranesbill
3eebd36c6.png,Small-flowered Cranesbill
c10ccbd82.png,Small-flowered Cranesbill
00ef713a8.png,Small-flowered Cranesbill
01291174f.png,Small-flowered Cranesbill
abc331628.png,Small-flowered Cranesbill
04814f36d.png,Small-flowered Cranesbill
12625488b.png,Small-flowered Cranesbill
071cb3ece.png,Small-flowered Cranesbill
e901b0f28.png,Small-flowered Cranesbill
b47691c08.png,Small-flowered Cranesbill
54b3afd58.png,Small-flowered Cranesbill
d93c7ab6d.png,Small-flowered Cranesbill
7d22abf91.png,Small-flowered Cranesbill
ef74dbcad.png,Small-flowered Cranesbill
9c32a797e.png,Small-flowered Cranesbill
ab0f67743.png,Small-flowered Cranesbill
a060c1cf8.png,Small-flowered Cranesbill
c10db7ae2.png,Small-flowered Cranesbill
e14afa235.png,Small-flowered Cranesbill
b5c7fd009.png,Small-flowered Cranesbill
f23faf9c1.png,Small-flowered Cranesbill
fef2ade8c.png,Small-flowered Cranesbill
866be78b0.png,Small-flowered Cranesbill
e0ec5b6a1.png,Small-flowered Cranesbill
f351ce097.png,Small-flowered Cranesbill
df11d56a7.png,Small-flowered Cranesbill
606647f64.png,Small-flowered Cranesbill
e6f1211a2.png,Small-flowered Cranesbill
4b155fb07.png,Small-flowered Cranesbill
e98e5d1d5.png,Small-flowered Cranesbill
099b961ec.png,Small-flowered Cranesbill
35ebe165c.png,Small-flowered Cranesbill
7f46a71db.png,Small-flowered Cranesbill
97844bfd5.png,Small-flowered Cranesbill
60ee66ddd.png,Small-flowered Cranesbill
5b63dcc21.png,Small-flowered Cranesbill
e96e57a90.png,Small-flowered Cranesbill
6db684fff.png,Small-flowered Cranesbill
0c4199daa.png,Small-flowered Cranesbill
8c98a6e9b.png,Small-flowered Cranesbill
3efa1f66c.png,Small-flowered Cranesbill
5a6bf96f6.png,Small-flowered Cranesbill
da9ef7858.png,Small-flowered Cranesbill
d689256be.png,Small-flowered Cranesbill
8a4d3a1b1.png,Small-flowered Cranesbill
e7077322d.png,Small-flowered Cranesbill
1c680883c.png,Small-flowered Cranesbill
23bc8ec4f.png,Small-flowered Cranesbill
65489944f.png,Small-flowered Cranesbill
cfd8165e9.png,Small-flowered Cranesbill
862b8e7a0.png,Small-flowered Cranesbill
7e9cf1c46.png,Small-flowered Cranesbill
808cf55c6.png,Small-flowered Cranesbill
63c07d340.png,Small-flowered Cranesbill
79fba50db.png,Small-flowered Cranesbill
a8da9c08d.png,Small-flowered Cranesbill
6df8e31ea.png,Small-flowered Cranesbill
29bab7cad.png,Small-flowered Cranesbill
d17f48d3b.png,Small-flowered Cranesbill
56a01b835.png,Small-flowered Cranesbill
f9b6bfb00.png,Small-flowered Cranesbill
fe9e87b78.png,Small-flowered Cranesbill
1364b297a.png,Small-flowered Cranesbill
a85fc8c9a.png,Small-flowered Cranesbill
9c0c5b731.png,Small-flowered Cranesbill
f2dc546ca.png,Small-flowered Cranesbill
6bce55e05.png,Small-flowered Cranesbill
39858776a.png,Small-flowered Cranesbill
122913909.png,Small-flowered Cranesbill
24d78df74.png,Small-flowered Cranesbill
cec5bf198.png,Small-flowered Cranesbill
b573b7a56.png,Small-flowered Cranesbill
2b55a2da2.png,Small-flowered Cranesbill
752101fdf.png,Small-flowered Cranesbill
248436078.png,Small-flowered Cranesbill
486e59179.png,Small-flowered Cranesbill
8cf909eb3.png,Small-flowered Cranesbill
1f290e016.png,Small-flowered Cranesbill
39c8fde99.png,Small-flowered Cranesbill
6be169e41.png,Small-flowered Cranesbill
34dd57ca9.png,Small-flowered Cranesbill
647689543.png,Small-flowered Cranesbill
ce3d280eb.png,Small-flowered Cranesbill
444473900.png,Small-flowered Cranesbill
8c9953903.png,Small-flowered Cranesbill
8b27bfd2b.png,Small-flowered Cranesbill
e73e308be.png,Small-flowered Cranesbill
b2706e2b3.png,Small-flowered Cranesbill
7696badea.png,Small-flowered Cranesbill
ef7a5651d.png,Small-flowered Cranesbill
6c874918c.png,Small-flowered Cranesbill
fda39e16f.png,Small-flowered Cranesbill
76dbd1054.png,Small-flowered Cranesbill
ba3ce6b3e.png,Small-flowered Cranesbill
aaf4da98f.png,Small-flowered Cranesbill
e5297b675.png,Small-flowered Cranesbill
9c777333d.png,Small-flowered Cranesbill
47f9e5d91.png,Small-flowered Cranesbill
d09d24c58.png,Small-flowered Cranesbill
593896f83.png,Small-flowered Cranesbill
a83820a2c.png,Small-flowered Cranesbill
e88bf0db9.png,Small-flowered Cranesbill
19fdf19fb.png,Small-flowered Cranesbill
c7ae30f3a.png,Small-flowered Cranesbill
bb1c84bbc.png,Small-flowered Cranesbill
67e185673.png,Small-flowered Cranesbill
187668bde.png,Small-flowered Cranesbill
55fed435f.png,Small-flowered Cranesbill
59f62ad1d.png,Small-flowered Cranesbill
65e97117e.png,Small-flowered Cranesbill
1821eb11a.png,Small-flowered Cranesbill
5817b766d.png,Small-flowered Cranesbill
5c3cd7ea2.png,Small-flowered Cranesbill
8301b0547.png,Small-flowered Cranesbill
19618ad6a.png,Small-flowered Cranesbill
30ad31220.png,Small-flowered Cranesbill
60f0bc617.png,Small-flowered Cranesbill
a19c3faca.png,Small-flowered Cranesbill
f4caf74f9.png,Small-flowered Cranesbill
edfdb4aeb.png,Small-flowered Cranesbill
b31292706.png,Small-flowered Cranesbill
2a667e099.png,Small-flowered Cranesbill
d01873fdd.png,Small-flowered Cranesbill
f85ed9b6d.png,Small-flowered Cranesbill
dce2f6612.png,Small-flowered Cranesbill
a544fc46d.png,Small-flowered Cranesbill
7a38416be.png,Small-flowered Cranesbill
615d2b0a9.png,Small-flowered Cranesbill
f66ae4070.png,Small-flowered Cranesbill
855955aaf.png,Small-flowered Cranesbill
bf3924a57.png,Small-flowered Cranesbill
07e62f903.png,Small-flowered Cranesbill
7beb2766f.png,Small-flowered Cranesbill
534e74d83.png,Small-flowered Cranesbill
e783f5a4f.png,Small-flowered Cranesbill
711b46fba.png,Small-flowered Cranesbill
0f6cbe5e8.png,Small-flowered Cranesbill
85431c075.png,Small-flowered Cranesbill
71334c634.png,Small-flowered Cranesbill
a35fd6fbb.png,Small-flowered Cranesbill
fd87b36ae.png,Small-flowered Cranesbill
92292055d.png,Small-flowered Cranesbill
aad8375e0.png,Small-flowered Cranesbill
126a71ce0.png,Small-flowered Cranesbill
32b42c120.png,Small-flowered Cranesbill
dfb1d9012.png,Small-flowered Cranesbill
fadc6adbc.png,Small-flowered Cranesbill
589e643b8.png,Small-flowered Cranesbill
cbba27d89.png,Small-flowered Cranesbill
c7b07431e.png,Small-flowered Cranesbill
2bd74d2da.png,Small-flowered Cranesbill
fbf88b6be.png,Small-flowered Cranesbill
de0b79659.png,Small-flowered Cranesbill
79d93bc96.png,Small-flowered Cranesbill
824f5d4e5.png,Small-flowered Cranesbill
31fcdc161.png,Small-flowered Cranesbill
e15472085.png,Small-flowered Cranesbill
ac3193f78.png,Small-flowered Cranesbill
288564c76.png,Small-flowered Cranesbill
8db450ce3.png,Small-flowered Cranesbill
8e2e5604e.png,Small-flowered Cranesbill
82b5f4d33.png,Small-flowered Cranesbill
5779fe8b4.png,Small-flowered Cranesbill
4b032563b.png,Small-flowered Cranesbill
3abb502fb.png,Small-flowered Cranesbill
32a8c8a1d.png,Small-flowered Cranesbill
bfab3e3d0.png,Small-flowered Cranesbill
fea3da57c.png,Small-flowered Cranesbill
e9d48d664.png,Small-flowered Cranesbill
48231e475.png,Small-flowered Cranesbill
d6d80a321.png,Small-flowered Cranesbill
dc55449b2.png,Small-flowered Cranesbill
4c5ab9b68.png,Small-flowered Cranesbill
148bbda66.png,Small-flowered Cranesbill
64fe8beb9.png,Small-flowered Cranesbill
7b52585da.png,Small-flowered Cranesbill
52a87abe5.png,Small-flowered Cranesbill
6dd095129.png,Small-flowered Cranesbill
5bbc0a255.png,Small-flowered Cranesbill
23e480e64.png,Small-flowered Cranesbill
f33e9d918.png,Small-flowered Cranesbill
948cdb277.png,Small-flowered Cranesbill
2a5064f19.png,Small-flowered Cranesbill
410e6f702.png,Small-flowered Cranesbill
66ab0e8d0.png,Small-flowered Cranesbill
4e1190d78.png,Small-flowered Cranesbill
0ebf8f2f4.png,Small-flowered Cranesbill
cadab6616.png,Small-flowered Cranesbill
e921021a8.png,Small-flowered Cranesbill
785a73ab8.png,Small-flowered Cranesbill
da4ed3a28.png,Small-flowered Cranesbill
d2f422ccb.png,Small-flowered Cranesbill
e5881dd33.png,Small-flowered Cranesbill
523e5505c.png,Small-flowered Cranesbill
65d08b894.png,Small-flowered Cranesbill
b7192c70f.png,Small-flowered Cranesbill
5f04aed97.png,Small-flowered Cranesbill
97b2f0a10.png,Small-flowered Cranesbill
50de8a115.png,Small-flowered Cranesbill
466bb6d3b.png,Small-flowered Cranesbill
3f826b318.png,Small-flowered Cranesbill
085974290.png,Small-flowered Cranesbill
6edc76e7c.png,Small-flowered Cranesbill
b3e08b037.png,Small-flowered Cranesbill
26852751a.png,Small-flowered Cranesbill
bf66b9cd2.png,Small-flowered Cranesbill
cae684f8f.png,Small-flowered Cranesbill
31f3dd81f.png,Small-flowered Cranesbill
df7cb5f87.png,Small-flowered Cranesbill
d8f4923f8.png,Small-flowered Cranesbill
00d090cde.png,Small-flowered Cranesbill
e80a259c5.png,Small-flowered Cranesbill
4823c3ffa.png,Small-flowered Cranesbill
fd253a74e.png,Small-flowered Cranesbill
8303b27ed.png,Small-flowered Cranesbill
cfb18d262.png,Small-flowered Cranesbill
ae90f2827.png,Small-flowered Cranesbill
6982a9d30.png,Small-flowered Cranesbill
71f5323c5.png,Small-flowered Cranesbill
b944a49ca.png,Small-flowered Cranesbill
7c85b0265.png,Small-flowered Cranesbill
0ee4ad224.png,Small-flowered Cranesbill
338c7e907.png,Small-flowered Cranesbill
5296835a0.png,Small-flowered Cranesbill
5eb9c26a6.png,Small-flowered Cranesbill
78750e0ff.png,Small-flowered Cranesbill
0625f063b.png,Small-flowered Cranesbill
79e5ea8fa.png,Small-flowered Cranesbill
16357b436.png,Small-flowered Cranesbill
55a852f40.png,Small-flowered Cranesbill
007b3da8b.png,Small-flowered Cranesbill
ef65533d5.png,Small-flowered Cranesbill
8b043093d.png,Small-flowered Cranesbill
dabe3e5be.png,Small-flowered Cranesbill
f9ea23fb5.png,Small-flowered Cranesbill
ac75d3326.png,Small-flowered Cranesbill
2ea664465.png,Small-flowered Cranesbill
6ba4ef411.png,Small-flowered Cranesbill
39b740f7e.png,Small-flowered Cranesbill
cb76a7766.png,Small-flowered Cranesbill
90b595f12.png,Small-flowered Cranesbill
3bbef3ecb.png,Small-flowered Cranesbill
25fa8d109.png,Small-flowered Cranesbill
26e7ae885.png,Small-flowered Cranesbill
df521c0c0.png,Small-flowered Cranesbill
599691cd9.png,Small-flowered Cranesbill
963544aa0.png,Small-flowered Cranesbill
d6c8c3c48.png,Small-flowered Cranesbill
e4a76885b.png,Small-flowered Cranesbill
d488a4fe1.png,Small-flowered Cranesbill
be2499cf4.png,Small-flowered Cranesbill
a1e0a6c02.png,Small-flowered Cranesbill
b6f3d8b5d.png,Small-flowered Cranesbill
cc74feadc.png,Small-flowered Cranesbill
5ee9d0a5b.png,Small-flowered Cranesbill
8e4eaeec0.png,Small-flowered Cranesbill
521b27a17.png,Small-flowered Cranesbill
1541bdb2e.png,Small-flowered Cranesbill
2df78338c.png,Small-flowered Cranesbill
8ca6140ca.png,Small-flowered Cranesbill
837ac0270.png,Small-flowered Cranesbill
592473c83.png,Small-flowered Cranesbill
3b73c3b61.png,Small-flowered Cranesbill
fa5fd1384.png,Small-flowered Cranesbill
e478c452c.png,Small-flowered Cranesbill
20817c846.png,Small-flowered Cranesbill
1f5e5554e.png,Small-flowered Cranesbill
632156793.png,Small-flowered Cranesbill
3a909ead8.png,Small-flowered Cranesbill
f25996db8.png,Small-flowered Cranesbill
24a058589.png,Small-flowered Cranesbill
a2c89c367.png,Small-flowered Cranesbill
b6a3f7876.png,Small-flowered Cranesbill
ce15eee52.png,Small-flowered Cranesbill
19b51843a.png,Small-flowered Cranesbill
42e7ed442.png,Small-flowered Cranesbill
4287d810c.png,Small-flowered Cranesbill
8104422bb.png,Small-flowered Cranesbill
592cc5b89.png,Small-flowered Cranesbill
41e07778c.png,Small-flowered Cranesbill
caa2fbd79.png,Small-flowered Cranesbill
29ce426a1.png,Small-flowered Cranesbill
f8318faf1.png,Small-flowered Cranesbill
03566743d.png,Small-flowered Cranesbill
8455169fe.png,Small-flowered Cranesbill
003d61042.png,Small-flowered Cranesbill
1cfd91582.png,Small-flowered Cranesbill
3d67c434b.png,Small-flowered Cranesbill
2406d6c99.png,Small-flowered Cranesbill
8dbb8e1b9.png,Small-flowered Cranesbill
7d3045fc3.png,Small-flowered Cranesbill
17529c555.png,Small-flowered Cranesbill
e5e3dccff.png,Small-flowered Cranesbill
177d7e2a4.png,Small-flowered Cranesbill
24c94a6ca.png,Small-flowered Cranesbill
1f3f44563.png,Small-flowered Cranesbill
b130a0632.png,Small-flowered Cranesbill
03a2ee656.png,Small-flowered Cranesbill
1d321253f.png,Small-flowered Cranesbill
cd5f0db1c.png,Small-flowered Cranesbill
76555b064.png,Small-flowered Cranesbill
5a38ac566.png,Small-flowered Cranesbill
c0f5d9ac8.png,Small-flowered Cranesbill
780defa2e.png,Small-flowered Cranesbill
5bc6595f6.png,Small-flowered Cranesbill
3edf5e9ef.png,Small-flowered Cranesbill
a74bf916d.png,Small-flowered Cranesbill
e5368474f.png,Small-flowered Cranesbill
809eb0b82.png,Small-flowered Cranesbill
c7051c902.png,Small-flowered Cranesbill
4bcdaa5e2.png,Small-flowered Cranesbill
239bdf640.png,Small-flowered Cranesbill
f593c9cf0.png,Small-flowered Cranesbill
eaf0815e2.png,Small-flowered Cranesbill
b341d0aab.png,Small-flowered Cranesbill
9b9911f20.png,Small-flowered Cranesbill
cf3a8b2fd.png,Small-flowered Cranesbill
37297a64c.png,Small-flowered Cranesbill
03ef36742.png,Small-flowered Cranesbill
cf90fc52d.png,Small-flowered Cranesbill
c7eb96871.png,Small-flowered Cranesbill
22fbf13d6.png,Small-flowered Cranesbill
6d6eb3830.png,Small-flowered Cranesbill
7f31c7f42.png,Small-flowered Cranesbill
80e299ae9.png,Small-flowered Cranesbill
599c82eea.png,Small-flowered Cranesbill
a38b8a581.png,Small-flowered Cranesbill
b30ab4659.png,Small-flowered Cranesbill
d0152bd7c.png,Small-flowered Cranesbill
8a8d6c712.png,Small-flowered Cranesbill
b4c3df835.png,Small-flowered Cranesbill
48ef6a2ff.png,Small-flowered Cranesbill
da231c97f.png,Small-flowered Cranesbill
bdde957ec.png,Small-flowered Cranesbill
90d119d25.png,Small-flowered Cranesbill
c069fc3fa.png,Small-flowered Cranesbill
fea355851.png,Small-flowered Cranesbill
800a8c17e.png,Small-flowered Cranesbill
c35efa095.png,Small-flowered Cranesbill
99036c51d.png,Small-flowered Cranesbill
e19673dc9.png,Small-flowered Cranesbill
29f49cd0b.png,Small-flowered Cranesbill
88ac6df54.png,Small-flowered Cranesbill
c75a82234.png,Small-flowered Cranesbill
1758a1baf.png,Small-flowered Cranesbill
b026bf8ca.png,Small-flowered Cranesbill
026716f9b.png,Small-flowered Cranesbill
98da6ef4e.png,Small-flowered Cranesbill
67ce3eaa6.png,Small-flowered Cranesbill
afcf6abd5.png,Small-flowered Cranesbill
dcd7ff249.png,Small-flowered Cranesbill
e4d5ec761.png,Small-flowered Cranesbill
59b2c6f2b.png,Small-flowered Cranesbill
aa7d098d1.png,Small-flowered Cranesbill
c0bc3997b.png,Small-flowered Cranesbill
b0acaff4a.png,Small-flowered Cranesbill
bb64660b7.png,Small-flowered Cranesbill
fdea6b119.png,Small-flowered Cranesbill
aee6fa3df.png,Small-flowered Cranesbill
a276c65f7.png,Small-flowered Cranesbill
78b1bf91a.png,Small-flowered Cranesbill
77ccb8b2a.png,Small-flowered Cranesbill
69d1669f8.png,Small-flowered Cranesbill
ff65bc002.png,Small-flowered Cranesbill
bd72d4d8a.png,Small-flowered Cranesbill
20e562fd5.png,Small-flowered Cranesbill
d84d37a61.png,Small-flowered Cranesbill
9cce7328c.png,Small-flowered Cranesbill
a800caead.png,Small-flowered Cranesbill
6680836dd.png,Small-flowered Cranesbill
a0f37c726.png,Small-flowered Cranesbill
953496deb.png,Small-flowered Cranesbill
721be0a4a.png,Small-flowered Cranesbill
bb7621cb3.png,Small-flowered Cranesbill
2d5058a59.png,Small-flowered Cranesbill
11d3f68ff.png,Small-flowered Cranesbill
17d5e5ac4.png,Small-flowered Cranesbill
14bb43eee.png,Small-flowered Cranesbill
618de3d7a.png,Small-flowered Cranesbill
7f9e9565d.png,Small-flowered Cranesbill
ef02b4ee7.png,Small-flowered Cranesbill
1623fb9e1.png,Small-flowered Cranesbill
5dcad9a53.png,Small-flowered Cranesbill
53ceb4657.png,Small-flowered Cranesbill
6edb96d45.png,Small-flowered Cranesbill
1c52ea820.png,Small-flowered Cranesbill
d09275360.png,Small-flowered Cranesbill
b1cd2a91e.png,Small-flowered Cranesbill
08d591441.png,Small-flowered Cranesbill
e471f1d3a.png,Small-flowered Cranesbill
c5e419015.png,Small-flowered Cranesbill
02cfeb38d.png,Small-flowered Cranesbill
756dd5070.png,Small-flowered Cranesbill
ab35453cb.png,Small-flowered Cranesbill
8cfd98117.png,Small-flowered Cranesbill
3f92d8039.png,Small-flowered Cranesbill
3526b05cc.png,Small-flowered Cranesbill
39d569be4.png,Small-flowered Cranesbill
d668409ff.png,Small-flowered Cranesbill
892e9d6c6.png,Small-flowered Cranesbill
995c7ab1e.png,Small-flowered Cranesbill
c4ed8ed38.png,Small-flowered Cranesbill
35a90f8d0.png,Small-flowered Cranesbill
06d12f6fa.png,Small-flowered Cranesbill
c50335991.png,Small-flowered Cranesbill
063363305.png,Small-flowered Cranesbill
c2de6020a.png,Small-flowered Cranesbill
699d3c707.png,Small-flowered Cranesbill
fa9f3a8f9.png,Small-flowered Cranesbill
2d992d1fb.png,Small-flowered Cranesbill
eef131644.png,Small-flowered Cranesbill
e9cd91682.png,Small-flowered Cranesbill
7fdb7202d.png,Small-flowered Cranesbill
7615e52d3.png,Small-flowered Cranesbill
f1e87cba7.png,Small-flowered Cranesbill
1d56351b2.png,Small-flowered Cranesbill
22e79540f.png,Small-flowered Cranesbill
38c054379.png,Small-flowered Cranesbill
86c309150.png,Small-flowered Cranesbill
9c8b08a24.png,Small-flowered Cranesbill
53e6e9000.png,Small-flowered Cranesbill
a93f940d6.png,Small-flowered Cranesbill
2ff5cb348.png,Small-flowered Cranesbill
a3b375b34.png,Small-flowered Cranesbill
a8388a37f.png,Small-flowered Cranesbill
a4b61a4ea.png,Small-flowered Cranesbill
aecfaed64.png,Small-flowered Cranesbill
089ad62a7.png,Small-flowered Cranesbill
75cb95e91.png,Small-flowered Cranesbill
a8de7c1b7.png,Small-flowered Cranesbill
0437393b1.png,Small-flowered Cranesbill
429211ee6.png,Small-flowered Cranesbill
e1a0e3202.png,Small-flowered Cranesbill
0fb233ad6.png,Small-flowered Cranesbill
590f5aea6.png,Small-flowered Cranesbill
e19ad6ac9.png,Small-flowered Cranesbill
8faadb6a8.png,Small-flowered Cranesbill
46c14fde2.png,Small-flowered Cranesbill
258b1183c.png,Small-flowered Cranesbill
8585f9718.png,Small-flowered Cranesbill
d102e1a15.png,Small-flowered Cranesbill
abf8b0772.png,Small-flowered Cranesbill
3e9f41817.png,Small-flowered Cranesbill
3eda9cbb6.png,Small-flowered Cranesbill
b7ad92859.png,Small-flowered Cranesbill
4f44ca525.png,Small-flowered Cranesbill
d2f0f326e.png,Small-flowered Cranesbill
a0b393945.png,Small-flowered Cranesbill
c832e4302.png,Small-flowered Cranesbill
835dc5447.png,Small-flowered Cranesbill
